trialid,source_register,clinical_trial,covid,withdrawn,rcd,pcd,scd,cross_reg_source_1,cross_reg_1,cross_reg_registry_1,comments,cross_reg_source_2,cross_reg_2,cross_reg_registry_2
NCT04374786,ClinicalTrials.gov,TRUE,FALSE,NA,2020-10-01,2020-09-01,2020-10-01,NA,NA,NA,NA,NA,NA,NA
NCT04365985,ClinicalTrials.gov,TRUE,TRUE,FALSE,2021-08-01,2021-05-01,2021-08-01,NA,NA,NA,NA,NA,NA,NA
NCT04375774,ClinicalTrials.gov,TRUE,FALSE,NA,2020-05-01,2020-05-01,2020-05-01,NA,NA,NA,NA,NA,NA,NA
NCT04373161,ClinicalTrials.gov,TRUE,FALSE,NA,2020-04-22,2020-04-22,2020-04-22,NA,NA,NA,NA,NA,NA,NA
NCT04346667,ClinicalTrials.gov,TRUE,TRUE,FALSE,2021-06-30,2020-05-30,2021-06-30,NA,NA,NA,NA,NA,NA,NA
NCT04338958,ClinicalTrials.gov,TRUE,TRUE,FALSE,2021-08-31,2021-01-31,2021-08-31,auto,EUCTR2020-001481-11,EudraCT,Preceded by https://doi.org/10.1038/s41375-020-0891-0,NA,NA,NA
NCT04352400,ClinicalTrials.gov,TRUE,TRUE,FALSE,2021-12-01,2021-12-01,2021-12-01,NA,NA,NA,NA,NA,NA,NA
NCT04315480,ClinicalTrials.gov,TRUE,TRUE,FALSE,2020-05-01,2020-04-09,2020-05-01,NA,NA,NA,Protocol: https://clinicaltrials.gov/ProvidedDocs/80/NCT04315480/Prot_000.pdf,NA,NA,NA
ChiCTR2000029542,ChiCTR,TRUE,TRUE,FALSE,2020-07-30,NA,2020-07-30,NA,NA,NA,"Result identified as ""interim"" but unclear whether interim, preliminary, etc.",NA,NA,NA
NCT04288102,ClinicalTrials.gov,TRUE,TRUE,FALSE,2020-07-09,2020-05-12,2020-07-09,NA,NA,NA,NA,NA,NA,NA
RBR-9d8z6m,REBEC,TRUE,TRUE,FALSE,2020-05-18,NA,2020-05-18,pub,NCT04322123,ClinicalTrials.gov,NA,NA,NA,NA
RBR-6m69fc,REBEC,TRUE,FALSE,NA,2020-04-15,NA,2020-04-15,NA,NA,NA,NA,NA,NA,NA
IRCT20200217046526N1,IRCT,TRUE,TRUE,FALSE,2020-04-25,NA,2020-04-25,NA,NA,NA,NA,NA,NA,NA
NCT04332081,ClinicalTrials.gov,TRUE,TRUE,FALSE,2020-05-29,2020-05-29,2020-05-29,NA,NA,NA,NA,NA,NA,NA
NCT04410328,ClinicalTrials.gov,TRUE,TRUE,FALSE,2021-12-15,2021-03-15,2021-12-15,NA,NA,NA,NA,NA,NA,NA
NCT04409522,ClinicalTrials.gov,TRUE,TRUE,FALSE,2020-09-25,2020-06-05,2020-09-25,NA,NA,NA,NA,NA,NA,NA
NCT04292730,ClinicalTrials.gov,TRUE,TRUE,FALSE,2020-06-26,2020-04-29,2020-06-26,auto,EUCTR2020-000842-32,EudraCT,NA,NA,NA,NA
NCT04405310,ClinicalTrials.gov,TRUE,TRUE,FALSE,2020-12-20,2020-11-20,2020-12-20,NA,NA,NA,NA,NA,NA,NA
ChiCTR2000033372,ChiCTR,TRUE,TRUE,FALSE,2020-05-17,NA,2020-05-17,NA,NA,NA,NA,NA,NA,NA
NCT04394182,ClinicalTrials.gov,TRUE,TRUE,FALSE,2021-04-21,2020-12-31,2021-04-21,NA,NA,NA,NA,NA,NA,NA
NCT04392713,ClinicalTrials.gov,TRUE,TRUE,FALSE,2020-07-01,2020-07-01,2020-07-01,NA,NA,NA,NA,NA,NA,NA
NCT04392141,ClinicalTrials.gov,TRUE,TRUE,FALSE,2020-11-01,2020-11-01,2020-11-01,NA,NA,NA,NA,NA,NA,NA
NCT04366960,ClinicalTrials.gov,TRUE,TRUE,FALSE,2020-11-01,2020-08-01,2020-11-01,auto,EUCTR2020-001708-41,EudraCT,NA,NA,NA,NA
ChiCTR2000033133,ChiCTR,TRUE,TRUE,FALSE,2020-04-20,NA,2020-04-20,NA,NA,NA,NA,NA,NA,NA
NCT04335097,ClinicalTrials.gov,TRUE,FALSE,NA,2025-12-20,2021-04-08,2025-12-20,NA,NA,NA,NA,NA,NA,NA
NCT04354389,ClinicalTrials.gov,TRUE,TRUE,TRUE,2020-10-31,2020-06-30,2020-10-31,NA,NA,NA,NA,NA,NA,NA
ACTRN12620000555954,ANZCTR,TRUE,FALSE,NA,2020-06-30,NA,2020-06-30,NA,NA,NA,NA,NA,NA,NA
NCT04363437,ClinicalTrials.gov,TRUE,TRUE,FALSE,2020-06-14,2020-05-31,2020-06-14,NA,NA,NA,NA,NA,NA,NA
NCT04351906,ClinicalTrials.gov,TRUE,TRUE,FALSE,2021-10-01,2021-06-01,2021-10-01,NA,NA,NA,NA,NA,NA,NA
NCT04365309,ClinicalTrials.gov,TRUE,TRUE,FALSE,2020-06-01,2020-04-01,2020-06-01,NA,NA,NA,NA,NA,NA,NA
ChiCTR2000032456,ChiCTR,TRUE,TRUE,FALSE,2020-05-01,NA,2020-05-01,NA,NA,NA,NA,NA,NA,NA
NCT04355754,ClinicalTrials.gov,TRUE,FALSE,FALSE,2020-12-31,2020-05-01,2020-12-31,NA,NA,NA,NA,NA,NA,NA
NCT04334265,ClinicalTrials.gov,TRUE,TRUE,FALSE,2020-12-01,2020-06-01,2020-12-01,NA,NA,NA,NA,NA,NA,NA
ACTRN12620000482965,ANZCTR,TRUE,FALSE,NA,2020-03-18,NA,2020-03-18,NA,NA,NA,NA,NA,NA,NA
NCT04356508,ClinicalTrials.gov,TRUE,TRUE,FALSE,2021-08-31,2020-06-30,2021-08-31,NA,NA,NA,NA,NA,NA,NA
NCT04348695,ClinicalTrials.gov,TRUE,TRUE,FALSE,2020-05-13,2020-05-13,2020-05-13,auto,EUCTR2020-001405-23,EudraCT,NA,NA,NA,NA
NCT04418128,ClinicalTrials.gov,TRUE,TRUE,FALSE,2021-04-30,2021-03-30,2021-04-30,NA,NA,NA,NA,NA,NA,NA
NCT04331795,ClinicalTrials.gov,TRUE,TRUE,FALSE,2020-06-05,2020-06-05,2020-06-05,NA,NA,NA,NA,NA,NA,NA
NCT04382768,ClinicalTrials.gov,TRUE,TRUE,FALSE,2021-01-01,2021-01-01,2021-01-01,NA,NA,NA,NA,NA,NA,NA
NCT04426305,ClinicalTrials.gov,TRUE,FALSE,NA,2020-10-30,2020-06-20,2020-10-30,NA,NA,NA,NA,NA,NA,NA
NCT04383535,ClinicalTrials.gov,TRUE,TRUE,FALSE,2020-09-27,2020-09-27,2020-09-27,NA,NA,NA,NA,NA,NA,NA
NCT04304053,ClinicalTrials.gov,TRUE,TRUE,FALSE,2020-06-15,2020-06-15,2020-06-15,auto,EUCTR2020-001031-27,EudraCT,The publication date for the SSRN preprint and full-results article are the same,NA,NA,NA
NCT04332991,ClinicalTrials.gov,TRUE,TRUE,FALSE,2020-07-23,2020-06-19,2020-07-23,NA,NA,NA,NA,NA,NA,NA
NCT04343183,ClinicalTrials.gov,TRUE,TRUE,FALSE,2020-06-01,2020-06-01,2020-06-01,NA,NA,NA,NA,NA,NA,NA
NCT04334044,ClinicalTrials.gov,TRUE,TRUE,FALSE,2020-06-01,2020-06-01,2020-06-01,NA,NA,NA,NA,NA,NA,NA
NCT04273646,ClinicalTrials.gov,TRUE,TRUE,FALSE,2022-02-15,2020-06-30,2022-02-15,NA,NA,NA,NA,NA,NA,NA
IRCT20200325046860N2,IRCT,TRUE,TRUE,FALSE,2020-04-29,NA,2020-04-29,NA,NA,NA,NA,NA,NA,NA
NCT04313322,ClinicalTrials.gov,TRUE,TRUE,FALSE,2020-09-30,2020-06-30,2020-09-30,NA,NA,NA,NA,NA,NA,NA
ChiCTR2000030545,ChiCTR,TRUE,TRUE,FALSE,2020-04-30,NA,2020-04-30,NA,NA,NA,NA,NA,NA,NA
ChiCTR2000030703,ChiCTR,TRUE,TRUE,FALSE,2020-05-31,NA,2020-05-31,NA,NA,NA,NA,NA,NA,NA
ChiCTR2000030779,ChiCTR,TRUE,TRUE,FALSE,2020-05-31,NA,2020-05-31,NA,NA,NA,NA,NA,NA,NA
ChiCTR2000030469,ChiCTR,TRUE,TRUE,FALSE,2020-05-27,NA,2020-05-27,NA,NA,NA,NA,NA,NA,NA
ChiCTR2000029975,ChiCTR,TRUE,TRUE,FALSE,2020-05-31,NA,2020-05-31,NA,NA,NA,NA,NA,NA,NA
NCT04275245,ClinicalTrials.gov,TRUE,TRUE,FALSE,2020-12-31,2020-12-31,2020-12-31,NA,NA,NA,NA,NA,NA,NA
ChiCTR2000030118,ChiCTR,TRUE,TRUE,TRUE,2020-06-29,NA,2020-06-29,NA,NA,NA,NA,NA,NA,NA
ChiCTR2000030188,ChiCTR,TRUE,TRUE,FALSE,2020-03-30,NA,2020-03-30,NA,NA,NA,NA,NA,NA,NA
ChiCTR2000029431,ChiCTR,TRUE,TRUE,FALSE,2021-12-31,NA,2021-12-31,NA,NA,NA,NA,NA,NA,NA
NCT04252664,ClinicalTrials.gov,TRUE,TRUE,FALSE,2020-04-27,2020-04-10,2020-04-27,NA,NA,NA,NA,NA,NA,NA
NCT04366232,ClinicalTrials.gov,TRUE,TRUE,FALSE,2020-10-02,2020-10-02,2020-10-02,auto,EUCTR2020-001963-10,EudraCT,NA,NA,NA,NA
ChiCTR2000029941,ChiCTR,TRUE,TRUE,FALSE,2020-06-01,NA,2020-06-01,NA,NA,NA,NA,NA,NA,NA
NCT04322344,ClinicalTrials.gov,TRUE,TRUE,FALSE,2020-12-30,2020-06-30,2020-12-30,NA,NA,NA,NA,NA,NA,NA
NCT04332666,ClinicalTrials.gov,TRUE,TRUE,FALSE,2021-06-15,2020-12-30,2021-06-15,NA,NA,NA,NA,NA,NA,NA
NCT04338802,ClinicalTrials.gov,TRUE,TRUE,FALSE,2020-08-01,2020-05-04,2020-08-01,NA,NA,NA,NA,NA,NA,NA
NCT04410159,ClinicalTrials.gov,TRUE,TRUE,FALSE,2020-07-06,2020-06-29,2020-07-06,NA,NA,NA,"Changed completion date to be before cut-off, after the cut-off.",NA,NA,NA
NCT04358614,ClinicalTrials.gov,TRUE,TRUE,FALSE,2020-04-07,2020-04-05,2020-04-07,NA,NA,NA,NA,NA,NA,NA
NCT04407689,ClinicalTrials.gov,TRUE,TRUE,FALSE,2020-12-30,2020-10-30,2020-12-30,NA,NA,NA,NA,NA,NA,NA
NCT04399005,ClinicalTrials.gov,TRUE,FALSE,NA,2020-06-10,2020-06-05,2020-06-10,NA,NA,NA,NA,NA,NA,NA
ChiCTR2000029559,ChiCTR,TRUE,TRUE,FALSE,2020-02-29,NA,2020-02-29,NA,NA,NA,NA,NA,NA,NA
ChiCTR2000029518,ChiCTR,TRUE,TRUE,FALSE,2020-04-30,NA,2020-04-30,NA,NA,NA,NA,NA,NA,NA
ChiCTR2000030481,ChiCTR,TRUE,TRUE,FALSE,2020-04-30,NA,2020-04-30,NA,NA,NA,"Incidental screening. http://doi.org/10.1001/jama.2020.17023 This review/meta-analysis notes that this trial might be withdrawn w/o patients as they contacted the authors. Therefore, may exclude trial despite completion date in registry.",NA,NA,NA
ChiCTR2000031089,ChiCTR,FALSE,FALSE,NA,2020-04-30,NA,2020-04-30,NA,NA,NA,NA,NA,NA,NA
ChiCTR2000031023,ChiCTR,TRUE,FALSE,NA,2020-05-16,NA,2020-05-16,NA,NA,NA,Not sure if a trial but definitely not covid tx or prevention. Is about survival of tumor surgery pts during covid.,NA,NA,NA
ChiCTR2000029434,ChiCTR,TRUE,TRUE,FALSE,2020-12-01,NA,2020-12-01,NA,NA,NA,NA,NA,NA,NA
NCT04326790,ClinicalTrials.gov,TRUE,TRUE,FALSE,2020-09-30,2020-08-31,2020-09-30,auto,EUCTR2020-001455-40,EudraCT,NA,NA,NA,NA
NCT04385576,ClinicalTrials.gov,TRUE,FALSE,NA,2020-12-30,2020-09-15,2020-12-30,NA,NA,NA,NA,NA,NA,NA
NCT04349241,ClinicalTrials.gov,TRUE,TRUE,FALSE,2020-06-20,2020-06-01,2020-06-20,NA,NA,NA,NA,NA,NA,NA
JPRN-UMIN000040407,JPRN,TRUE,TRUE,FALSE,2020-05-20,NA,2020-05-20,NA,NA,NA,"TRN search string modified to remove ""JPRN-""",NA,NA,NA
ISRCTN21363594,ISRCTN,TRUE,TRUE,FALSE,2020-12-29,NA,2020-12-29,NA,NA,NA,protocol: https://doi.org/10.1186/s13063-020-04454-4,NA,NA,NA
NCT04308668,ClinicalTrials.gov,TRUE,TRUE,FALSE,2020-05-20,2020-05-20,2020-05-20,NA,NA,NA,NA,NA,NA,NA
NCT04389333,ClinicalTrials.gov,TRUE,FALSE,NA,2020-05-20,2020-04-26,2020-05-20,NA,NA,NA,NA,NA,NA,NA
NCT04389944,ClinicalTrials.gov,TRUE,TRUE,FALSE,2020-06-30,2020-06-30,2020-06-30,NA,NA,NA,NA,NA,NA,NA
NCT04391712,ClinicalTrials.gov,TRUE,TRUE,FALSE,2020-07-16,2020-05-15,2020-07-16,NA,NA,NA,NA,NA,NA,NA
NCT04405999,ClinicalTrials.gov,TRUE,TRUE,FALSE,2020-08-31,2020-08-09,2020-08-31,NA,NA,NA,NA,NA,NA,NA
ChiCTR2000033056,ChiCTR,FALSE,NA,NA,2020-04-30,NA,2020-04-30,NA,NA,NA,NA,NA,NA,NA
ChiCTR2000029479,ChiCTR,TRUE,FALSE,NA,2020-05-01,NA,2020-05-01,NA,NA,NA,NA,NA,NA,NA
NCT04372589,ClinicalTrials.gov,TRUE,TRUE,FALSE,2021-01-01,2021-01-01,2021-01-01,NA,NA,NA,Protocol: https://doi.org/10.1177/1740774520943846,NA,NA,NA
RPCEC00000313,RPCEC,TRUE,TRUE,FALSE,2020-04-30,NA,2020-04-30,NA,NA,NA,NA,NA,NA,NA
RPCEC00000317,RPCEC,TRUE,TRUE,FALSE,2020-06-29,NA,2020-06-29,NA,NA,NA,NA,NA,NA,NA
ChiCTR2000029947,ChiCTR,TRUE,TRUE,FALSE,2020-06-01,NA,2020-06-01,NA,NA,NA,Date of approved by ethic committee? 2013-08-26,NA,NA,NA
ChiCTR2000029869,ChiCTR,TRUE,TRUE,FALSE,2020-06-30,NA,2020-06-30,NA,NA,NA,protocol: https://doi.org/10.21203/rs.3.rs-44542/v1,NA,NA,NA
ChiCTR2000029548,ChiCTR,TRUE,TRUE,FALSE,2020-06-03,NA,2020-06-03,NA,NA,NA,NA,NA,NA,NA
ChiCTR2000029468,ChiCTR,TRUE,TRUE,FALSE,2020-06-30,NA,2020-06-30,NA,NA,NA,NA,NA,NA,NA
ChiCTR2000030471,ChiCTR,TRUE,TRUE,FALSE,2020-04-30,NA,2020-04-30,NA,NA,NA,NA,NA,NA,NA
ChiCTR2000029868,ChiCTR,TRUE,TRUE,FALSE,2020-06-30,NA,2020-06-30,NA,NA,NA,NA,NA,NA,NA
ChiCTR2000029658,ChiCTR,TRUE,FALSE,NA,2020-04-06,NA,2020-04-06,NA,NA,NA,Intubation technique not treatment or prevention,NA,NA,NA
NCT04327349,ClinicalTrials.gov,TRUE,TRUE,FALSE,2020-09-30,2020-05-20,2020-09-30,auto,IRCT20181104041551N1,IRCT,NA,NA,NA,NA
NCT04331470,ClinicalTrials.gov,TRUE,TRUE,FALSE,2020-05-20,2020-04-20,2020-05-20,auto,IRCT20200324046852N1,IRCT,NA,NA,NA,NA
IRCT20190727044343N1,IRCT,TRUE,TRUE,FALSE,2020-04-09,NA,2020-04-09,NA,NA,NA,NA,NA,NA,NA
NCT04352946,ClinicalTrials.gov,TRUE,TRUE,FALSE,2020-08-24,2020-06-24,2020-08-24,NA,NA,NA,"From late august: ""As with other HCQ prevention trials, HERO-HCQ enrollment has been hindered by commentary from politicians, the media, as well as retracted publications. With all the information out there, it is easy for people to become confused about HCQ. Our message in HERO-HCQ remains the same: HCQ is safe, generally well tolerated, and the question we are asking, is HCQ effective in preventing COVID-19, remains important."" https://heroesresearch.org/hero-hcq-continues-to-generate-evidence-on-prophylactic-use-of-hcq/",NA,NA,NA
NCT04365439,ClinicalTrials.gov,TRUE,TRUE,FALSE,2020-06-30,2020-05-30,2020-06-30,NA,NA,NA,NA,NA,NA,NA
NCT04365231,ClinicalTrials.gov,TRUE,TRUE,TRUE,2021-01-01,2020-06-01,2021-01-01,NA,NA,NA,Withdrawn (no authorization obtained),NA,NA,NA
IRCT20200328046886N1,IRCT,TRUE,TRUE,FALSE,2020-05-04,NA,2020-05-04,NA,NA,NA,NA,NA,NA,NA
NCT04391829,ClinicalTrials.gov,TRUE,FALSE,NA,2020-08-31,2021-08-31,2020-08-31,NA,NA,NA,"The objectives of the study, are to describe detection of SARS-CoV-2 in the semen of COVID-19 positive patients, the duration of positive semen and to investigate the impact on semen quality, thereby providing insights into the early impact on male reproductive function",NA,NA,NA
NCT04393727,ClinicalTrials.gov,TRUE,TRUE,FALSE,2020-10-30,2020-09-30,2020-10-30,NA,NA,NA,Study terminated with 1 patient because Promoter changed and new study on convalescent plasma promoted by AIFA started in Italy,NA,NA,NA
NCT04374591,ClinicalTrials.gov,TRUE,TRUE,FALSE,2020-11-01,2020-11-01,2020-11-01,NA,NA,NA,NA,NA,NA,NA
NCT04381884,ClinicalTrials.gov,TRUE,TRUE,FALSE,2020-09-29,2020-09-29,2020-09-29,NA,NA,NA,NA,NA,NA,NA
NCT04307693,ClinicalTrials.gov,TRUE,TRUE,FALSE,2020-04-30,2020-04-30,2020-04-30,NA,NA,NA,Terminated (Terminated early because no patients were further enrolled since mid-Apr 2020.),NA,NA,NA
NCT04355364,ClinicalTrials.gov,TRUE,TRUE,FALSE,2021-04-21,2020-11-21,2021-04-21,NA,NA,NA,protocol: http://doi.org/10.1186/s13063-020-04488-8,NA,NA,NA
NCT04315948,ClinicalTrials.gov,TRUE,TRUE,FALSE,2023-03-01,2023-03-01,2023-03-01,auto,EUCTR2020-000936-23,EudraCT,"DisCoVeRy trial. Completion date way in the future, but interim results maybe published already.",NA,NA,NA
TCTR20200601002,TCTR,TRUE,FALSE,NA,2020-06-30,2020-06-30,2020-06-30,NA,NA,NA,mental health of healthcare workers,NA,NA,NA
NCT04335786,ClinicalTrials.gov,TRUE,TRUE,FALSE,2021-12-01,2020-12-01,2021-12-01,auto,EUCTR2020-001320-34,EudraCT,protocol: http://doi.org/10.1016/j.ahj.2020.05.010,NA,NA,NA
NCT04390516,ClinicalTrials.gov,TRUE,FALSE,NA,2020-05-30,2020-05-04,2020-05-30,NA,NA,NA,machine learning algorithm for the prediction of outcomes in COVID-19 patients,NA,NA,NA
NCT04423289,ClinicalTrials.gov,TRUE,FALSE,NA,2020-05-18,2020-05-04,2020-05-18,NA,NA,NA,"open-label randomized clinical trial, one center, to compare the need for face-to-face re-consultation after discharge for COVID-19 between a telematic monitoring through a mobile app and the regular primary care setting",NA,NA,NA
NCT04362332,ClinicalTrials.gov,TRUE,TRUE,FALSE,2020-06-08,2020-06-08,2020-06-08,NA,NA,NA,protocol: https://doi.org/10.1111/eci.13297 terminated with 25 patients: https://www.umcutrecht.nl/en/over-ons/nieuws/infection-and-immunity/jun-10-dutch-study-into-anti-malarial-drug-against-covid-19-discontinued,NA,NA,NA
NCT04432051,ClinicalTrials.gov,TRUE,FALSE,NA,2020-08-10,2020-08-08,2020-08-10,NA,NA,NA,"sonography for intubation of covid-19 patients, not treatment or prevention",NA,NA,NA
NCT04438070,ClinicalTrials.gov,TRUE,FALSE,NA,2020-06-01,2020-06-01,2020-06-01,NA,NA,NA,trial of different covid-19 screening strategies in homeless shelters,NA,NA,NA
NCT04441684,ClinicalTrials.gov,TRUE,FALSE,NA,2021-08-01,2020-05-07,2021-08-01,NA,NA,NA,covid-19 screening,NA,NA,NA
NCT04325061,ClinicalTrials.gov,TRUE,TRUE,FALSE,2020-10-30,2020-10-30,2020-10-30,auto,EUCTR2020-001278-31,EudraCT,NA,NA,NA,NA
NCT04261907,ClinicalTrials.gov,TRUE,TRUE,FALSE,2020-06-30,2020-05-31,2020-06-30,NA,NA,NA,NA,NA,NA,NA
NCT04281693,ClinicalTrials.gov,TRUE,FALSE,NA,2020-03-01,2020-03-01,2020-03-01,NA,NA,NA,NA,NA,NA,NA
NCT04293887,ClinicalTrials.gov,TRUE,TRUE,FALSE,2020-06-30,2020-05-30,2020-06-30,NA,NA,NA,NA,NA,NA,NA
NCT04255017,ClinicalTrials.gov,TRUE,TRUE,FALSE,2020-07-01,2020-06-01,2020-07-01,NA,NA,NA,NA,NA,NA,NA
NCT04261270,ClinicalTrials.gov,TRUE,TRUE,FALSE,2020-07-01,2020-05-01,2020-07-01,NA,NA,NA,NA,NA,NA,NA
NCT04305106,ClinicalTrials.gov,TRUE,TRUE,FALSE,2020-07-31,2020-06-30,2020-07-31,NA,NA,NA,NA,NA,NA,NA
NCT04328272,ClinicalTrials.gov,TRUE,TRUE,FALSE,2020-06-28,2020-05-28,2020-06-28,NA,NA,NA,NA,NA,NA,NA
NCT04306055,ClinicalTrials.gov,TRUE,FALSE,NA,2020-04-03,2020-03-13,2020-04-03,NA,NA,NA,NA,NA,NA,NA
NCT04317092,ClinicalTrials.gov,TRUE,TRUE,FALSE,2022-12-19,2020-12-19,2022-12-19,auto,EUCTR2020-001110-38,EudraCT,NA,NA,NA,NA
NCT04407208,ClinicalTrials.gov,TRUE,TRUE,FALSE,2020-06-22,2020-06-22,2020-06-22,NA,NA,NA,protocol: https://clinicaltrials.gov/ProvidedDocs/08/NCT04407208/Prot_000.pdf,NA,NA,NA
NCT04408209,ClinicalTrials.gov,TRUE,TRUE,FALSE,2021-09-15,2021-08-30,2021-09-15,NA,NA,NA,Press release here: https://greece.greekreporter.com/2020/08/24/greek-plasma-therapy-trials-for-covid-19-show-promising-results/,NA,NA,NA
NCT04410692,ClinicalTrials.gov,TRUE,FALSE,NA,2020-05-17,2020-05-16,2020-05-17,NA,NA,NA,no treatment or prevention; The goal of this study is to better understand how people predict the future risks of the novel Coronavirus (COVID-19).,NA,NA,NA
NCT04316377,ClinicalTrials.gov,TRUE,TRUE,FALSE,2025-03-03,2020-05-25,2025-03-03,NA,NA,NA,"Because of rapidly decreasing incidence of COVID-19 in Norway, the trial was prematurely stopped by the trial sponsor on May 25, 2020",NA,NA,NA
NCT04420260,ClinicalTrials.gov,TRUE,TRUE,FALSE,2020-09-01,2020-09-01,2020-09-01,NA,NA,NA,NA,NA,NA,NA
NCT04395170,ClinicalTrials.gov,TRUE,TRUE,FALSE,2021-06-01,2020-12-01,2021-06-01,NA,NA,NA,NA,NA,NA,NA
NCT04428268,ClinicalTrials.gov,TRUE,TRUE,FALSE,2020-08-30,2020-06-10,2020-08-30,NA,NA,NA,NA,NA,NA,NA
NCT04426201,ClinicalTrials.gov,TRUE,TRUE,FALSE,2020-12-31,2020-11-30,2020-12-31,NA,NA,NA,NA,NA,NA,NA
NCT04329533,ClinicalTrials.gov,TRUE,FALSE,NA,2020-07-30,2020-06-30,2020-07-30,NA,NA,NA,Effects of Using Mobile App on Perceived Stress; Mobile app to combat stress,NA,NA,NA
NCT04346355,ClinicalTrials.gov,TRUE,TRUE,FALSE,2020-06-06,2020-06-06,2020-06-06,auto,EUCTR2020-001386-37,EudraCT,NA,NA,NA,NA
NCT04353674,ClinicalTrials.gov,TRUE,TRUE,FALSE,2021-01-01,2020-12-01,2021-01-01,NA,NA,NA,NA,NA,NA,NA
NCT04371419,ClinicalTrials.gov,TRUE,FALSE,NA,2020-05-24,2020-05-24,2020-05-24,NA,NA,NA,The aim of the study is to determine which messages are most effective at increasing knowledge and changing behaviors that can protect individuals and their communities from the virus.,NA,NA,NA
NCT04432103,ClinicalTrials.gov,TRUE,TRUE,FALSE,2020-09-30,2020-07-30,2020-09-30,NA,NA,NA,NA,NA,NA,NA
NCT04441424,ClinicalTrials.gov,TRUE,TRUE,FALSE,2020-06-01,2020-06-01,2020-06-01,NA,NA,NA,NA,NA,NA,NA
ChiCTR2000029853,ChiCTR,TRUE,TRUE,FALSE,2020-04-16,NA,2020-04-16,NA,NA,NA,NA,NA,NA,NA
ChiCTR2000030627,ChiCTR,TRUE,TRUE,FALSE,2020-05-30,NA,2020-05-30,NA,NA,NA,NA,NA,NA,NA
ChiCTR2000030477,ChiCTR,TRUE,TRUE,FALSE,2020-06-25,NA,2020-06-25,NA,NA,NA,NA,NA,NA,NA
NL8523,Netherlands Trial Register,TRUE,FALSE,NA,2020-05-31,NA,2020-05-31,NA,NA,NA,Trial on anaesthetics only so exclude,NA,NA,NA
NL8609,Netherlands Trial Register,TRUE,FALSE,NA,2020-06-08,NA,2020-06-08,NA,NA,NA,NA,NA,NA,NA
PACTR202005599385499,PACTR,TRUE,TRUE,FALSE,2020-05-21,NA,2020-05-21,NA,NA,NA,NA,NA,NA,NA
RPCEC00000308,RPCEC,TRUE,FALSE,FALSE,2020-06-09,NA,2020-06-09,NA,NA,NA,healthy volunteers,NA,NA,NA
SLCTR/2020/011,SLCTR,TRUE,TRUE,FALSE,2020-05-31,NA,2020-05-31,NA,NA,NA,protocol: http://doi.org/10.1186/s13063-020-04659-7,NA,NA,NA
NCT04323527,NA,TRUE,TRUE,FALSE,2020-06-07,2020-05-07,2020-06-07,NA,NA,NA,NA,NA,NA,NA
NCT04320277,ClinicalTrials.gov,TRUE,TRUE,FALSE,2020-07-30,2020-06-30,2020-07-30,NA,NA,NA,NA,NA,NA,NA
NCT04334434,ClinicalTrials.gov,TRUE,FALSE,NA,2020-07-31,2020-06-01,2020-07-31,NA,NA,NA,NA,NA,NA,NA
NCT04338568,ClinicalTrials.gov,TRUE,FALSE,NA,2020-04-30,2020-04-30,2020-04-30,NA,NA,NA,NA,NA,NA,NA
NCT04346329,ClinicalTrials.gov,TRUE,TRUE,FALSE,2020-10-01,2020-06-01,2020-10-01,NA,NA,NA,NA,NA,NA,NA
NCT04350580,ClinicalTrials.gov,TRUE,TRUE,FALSE,2021-06-01,2021-04-01,2021-06-01,auto,EUCTR2020-001570-30,EudraCT,NA,NA,NA,NA
NCT04361422,ClinicalTrials.gov,TRUE,TRUE,FALSE,2021-12-01,2021-08-01,2021-12-01,NA,NA,NA,NA,NA,NA,NA
NCT04359810,ClinicalTrials.gov,TRUE,TRUE,FALSE,2021-04-01,2020-12-01,2021-04-01,NA,NA,NA,protocol: https://doi.org/10.1186/s13063-020-04422-y,NA,NA,NA
NCT04366063,ClinicalTrials.gov,TRUE,TRUE,FALSE,2020-12-10,2020-06-06,2020-12-10,auto,IRCT20200217046526N2,IRCT,NA,NA,NA,NA
NCT04366856,ClinicalTrials.gov,TRUE,TRUE,FALSE,2021-01-01,2020-12-01,2021-01-01,NA,NA,NA,NA,NA,NA,NA
NCT04366947,ClinicalTrials.gov,TRUE,FALSE,NA,2020-05-20,2020-05-20,2020-05-20,NA,NA,NA,NA,NA,NA,NA
NCT04324489,ClinicalTrials.gov,TRUE,TRUE,FALSE,2020-04-30,2020-04-16,2020-04-30,NA,NA,NA,NA,NA,NA,NA
NCT04343768,ClinicalTrials.gov,TRUE,TRUE,FALSE,2020-04-27,2020-04-27,2020-04-27,NA,NA,NA,protocol: https://doi.org/10.1186/s13063-020-04382-3,NA,NA,NA
NCT04340050,ClinicalTrials.gov,TRUE,TRUE,FALSE,2021-12-31,2020-12-31,2021-12-31,NA,NA,NA,NA,NA,NA,NA
NCT04340349,ClinicalTrials.gov,TRUE,TRUE,FALSE,2020-08-20,2020-07-20,2020-08-20,NA,NA,NA,NA,NA,NA,NA
NCT04385043,ClinicalTrials.gov,TRUE,TRUE,FALSE,2021-05-15,2020-10-15,2021-05-15,NA,NA,NA,NA,NA,NA,NA
NCT04313127,ClinicalTrials.gov,TRUE,TRUE,FALSE,2022-12-20,2020-12-30,2022-12-20,NA,NA,NA,Incidental screening. Completion date on registry is obviously wrong based on article.,NA,NA,NA
NCT04362059,ClinicalTrials.gov,TRUE,TRUE,FALSE,2021-11-16,2021-07-27,2021-11-16,auto,EUCTR2020-001886-35,EudraCT,NA,NA,NA,NA
NCT04334967,ClinicalTrials.gov,TRUE,TRUE,FALSE,2022-05-27,2021-05-27,2022-05-27,NA,NA,NA,NA,NA,NA,NA
NCT04370886,ClinicalTrials.gov,TRUE,FALSE,NA,2020-05-10,2020-04-30,2020-05-10,NA,NA,NA,NA,NA,NA,NA
NCT04407182,ClinicalTrials.gov,TRUE,TRUE,FALSE,2020-08-07,2020-08-05,2020-08-07,NA,NA,NA,NA,NA,NA,NA
ChiCTR2000029578,ChiCTR,TRUE,TRUE,FALSE,2020-04-30,NA,2020-04-30,NA,NA,NA,"Registry has results download link but fails to download (""The file does not exist or the file is illegally obtained!"")",NA,NA,NA
ChiCTR2000029487,ChiCTR,TRUE,TRUE,FALSE,2020-03-31,NA,2020-03-31,NA,NA,NA,NA,NA,NA,NA
ChiCTR2000029381,ChiCTR,TRUE,TRUE,FALSE,2020-12-31,NA,2020-12-31,NA,NA,NA,registration disappeared,NA,NA,NA
ChiCTR2000030940,ChiCTR,TRUE,TRUE,FALSE,2020-06-30,NA,2020-06-30,NA,NA,NA,NA,NA,NA,NA
ChiCTR2000031328,ChiCTR,TRUE,FALSE,FALSE,2020-04-30,NA,2020-04-30,NA,NA,NA,This is one sleep quality for people with COVID...not really treating/preventing covid.,NA,NA,NA
ChiCTR2000032013,ChiCTR,TRUE,FALSE,NA,2020-06-30,NA,2020-06-30,NA,NA,NA,prevention and treatment of facial injuries from wearing protective respirators during the pandemic - not of covid itself,NA,NA,NA
ChiCTR2000029989,ChiCTR,TRUE,TRUE,FALSE,2020-05-31,NA,2020-05-31,NA,NA,NA,NA,NA,NA,NA
ChiCTR2000030033,ChiCTR,TRUE,TRUE,FALSE,2020-06-30,NA,2020-06-30,NA,NA,NA,NA,NA,NA,NA
ChiCTR2000030054,ChiCTR,TRUE,TRUE,FALSE,2020-05-21,NA,2020-05-21,NA,NA,NA,NA,NA,NA,NA
ChiCTR2000030090,ChiCTR,TRUE,FALSE,NA,2020-03-22,NA,2020-03-22,NA,NA,NA,Exercise programme for isolating students,NA,NA,NA
CTRI/2020/04/024747,CTRI,TRUE,FALSE,NA,NA,NA,NA,NA,NA,NA,Trial of an education programme,NA,NA,NA
IRCT20151227025726N12,IRCT,TRUE,TRUE,FALSE,NA,NA,NA,NA,NA,NA,NA,NA,NA,NA
IRCT20160131026298N2,IRCT,TRUE,TRUE,FALSE,2020-03-24,NA,2020-03-24,NA,NA,NA,NA,NA,NA,NA
ChiCTR2000029822,ChiCTR,TRUE,TRUE,FALSE,2020-04-30,NA,2020-04-30,NA,NA,NA,NA,NA,NA,NA
ChiCTR2000029740,ChiCTR,TRUE,TRUE,FALSE,2020-02-29,NA,2020-02-29,NA,NA,NA,NA,NA,NA,NA
ChiCTR2000030055,ChiCTR,TRUE,TRUE,FALSE,2020-04-10,NA,2020-04-10,NA,NA,NA,NA,NA,NA,NA
NCT04320238,ClinicalTrials.gov,TRUE,TRUE,FALSE,2020-06-01,2020-05-01,2020-06-01,NA,NA,NA,NA,NA,NA,NA
ChiCTR2000030929,ChiCTR,TRUE,TRUE,FALSE,2020-06-16,NA,2020-06-16,NA,NA,NA,NA,NA,NA,NA
NCT04344106,ClinicalTrials.gov,TRUE,FALSE,NA,2020-05-01,2020-04-15,2020-05-01,NA,NA,NA,Treats symptoms of COVID: Prone positioning will not cure or prevent COVID,NA,NA,NA
NCT04341584,ClinicalTrials.gov,TRUE,TRUE,FALSE,2020-12-31,2020-05-01,2020-12-31,NA,NA,NA,NA,NA,NA,NA
NCT04336254,ClinicalTrials.gov,TRUE,TRUE,FALSE,2021-03-31,2020-12-31,2021-03-31,NA,NA,NA,protocol: https://doi.org/10.1186/s13063-020-04380-5,NA,NA,NA
NCT04334005,ClinicalTrials.gov,TRUE,TRUE,FALSE,2020-06-30,2020-06-30,2020-06-30,NA,NA,NA,NA,NA,NA,NA
ACTRN12620000477921,ANZCTR,FALSE,NA,NA,2020-04-20,NA,2020-04-20,NA,NA,NA,NA,NA,NA,NA
JPRN-JapicCTI-205238,JPRN,TRUE,TRUE,FALSE,2020-06-30,NA,2020-06-30,NA,NA,NA,NA,NA,NA,NA
NCT04261517,ClinicalTrials.gov,TRUE,TRUE,FALSE,2020-02-25,2020-02-25,2020-02-25,NA,NA,NA,NA,NA,NA,NA
NCT04324996,ClinicalTrials.gov,TRUE,TRUE,FALSE,2022-08-31,2022-02-20,2022-08-31,NA,NA,NA,"Car-NK cell therapy, estimated completion date 2022",NA,NA,NA
NCT04254874,ClinicalTrials.gov,TRUE,TRUE,FALSE,2020-07-01,2020-06-01,2020-07-01,NA,NA,NA,NA,NA,NA,NA
ChiCTR2000030704,ChiCTR,TRUE,TRUE,FALSE,2020-03-10,NA,2020-03-10,NA,NA,NA,NA,NA,NA,NA
ChiCTR2000031734,ChiCTR,TRUE,TRUE,FALSE,2020-05-29,NA,2020-05-29,reg,NCT04345276,ClinicalTrials.gov,NA,NA,NA,NA
ChiCTR2000031630,ChiCTR,TRUE,TRUE,FALSE,2020-06-17,NA,2020-06-17,NA,NA,NA,NA,NA,NA,NA
ChiCTR2000029496,ChiCTR,TRUE,TRUE,FALSE,2021-01-29,NA,2021-01-29,NA,NA,NA,published before completion date,NA,NA,NA
ChiCTR2000030718,ChiCTR,TRUE,TRUE,FALSE,2020-05-30,NA,2020-05-30,NA,NA,NA,NA,NA,NA,NA
ChiCTR2000030853,ChiCTR,TRUE,TRUE,FALSE,2020-05-31,NA,2020-05-31,NA,NA,NA,NA,NA,NA,NA
ChiCTR2000029308,ChiCTR,TRUE,TRUE,FALSE,2021-01-10,NA,2021-01-10,NA,NA,NA,found full results journal article though study is far from completed,NA,NA,NA
ChiCTR2000030475,ChiCTR,TRUE,TRUE,FALSE,2020-06-25,NA,2020-06-25,NA,NA,NA,NA,NA,NA,NA
ChiCTR2000030022,ChiCTR,TRUE,TRUE,FALSE,2020-05-22,NA,2020-05-22,NA,NA,NA,NA,NA,NA,NA
ChiCTR2000030442,ChiCTR,TRUE,TRUE,TRUE,2020-05-15,NA,2020-05-15,NA,NA,NA,NA,NA,NA,NA
ChiCTR2000029960,ChiCTR,TRUE,TRUE,FALSE,2020-05-31,NA,2020-05-31,NA,NA,NA,NA,NA,NA,NA
ChiCTR2000029988,ChiCTR,TRUE,TRUE,FALSE,2020-06-30,NA,2020-06-30,NA,NA,NA,NA,NA,NA,NA
ChiCTR2000030006,ChiCTR,TRUE,TRUE,FALSE,2020-05-19,NA,2020-05-19,NA,NA,NA,NA,NA,NA,NA
ChiCTR2000030010,ChiCTR,TRUE,TRUE,FALSE,2020-05-31,NA,2020-05-31,NA,NA,NA,NA,NA,NA,NA
ChiCTR2000030136,ChiCTR,TRUE,TRUE,TRUE,2020-05-15,NA,2020-05-15,reg,NCT04283825,ClinicalTrials.gov,NA,NA,NA,NA
ChiCTR2000030179,ChiCTR,FALSE,TRUE,FALSE,2020-04-24,NA,2020-04-24,NA,NA,NA,"Turns out this was published in a mandarin language journal: http://xbyxb.csu.edu.cn/xbwk/CN/10.11817/j.issn.1672-7347.2020.200318\n\nThe abstract was translated in English though: There it states to be retrospective --> Exclude!\nRetrospective analysis of the clinical data of 18 patients with severe and critical\nCOVID-19, who were hospitalized in the ICU of Xianghu Branch of the First Affiliated\nHospital of Nanchang University from February 1 to March 15, 2020.",NA,NA,NA
ChiCTR2000029435,ChiCTR,TRUE,TRUE,FALSE,2020-03-31,NA,2020-03-31,NA,NA,NA,NA,NA,NA,NA
ChiCTR2000029558,ChiCTR,FALSE,FALSE,NA,2020-05-01,NA,2020-05-01,NA,NA,NA,Not a trial: Recommendations of Integrated Traditional Chinese and Western Medicine for Diagnosis and Treatment of Novel Coronavirus Pneumonia (COVID-19) in Sichuan Province,NA,NA,NA
ChiCTR2000029777,ChiCTR,TRUE,TRUE,FALSE,2020-06-30,NA,2020-06-30,NA,NA,NA,protocol: http://doi.org/10.1186/s13063-020-04498-6,NA,NA,NA
ChiCTR2000029778,ChiCTR,FALSE,FALSE,FALSE,2020-05-13,NA,2020-05-13,NA,NA,NA,"Found results publication, but it's a retrospective study and should be excluded!",NA,NA,NA
ChiCTR2000029821,ChiCTR,FALSE,NA,NA,2020-06-01,NA,2020-06-01,NA,NA,NA,NA,NA,NA,NA
NCT04381936,ClinicalTrials.gov,TRUE,TRUE,FALSE,2031-12-01,2021-12-01,2031-12-01,auto,EUCTR2020-001113-21,EudraCT,NA,auto,ISRCTN50189673,ISRCTN
NCT04445597,ClinicalTrials.gov,FALSE,FALSE,NA,2020-06-30,2020-06-30,2020-06-30,NA,NA,NA,NA,NA,NA,NA
NCT04437719,ClinicalTrials.gov,TRUE,FALSE,NA,2021-12-31,2021-12-31,2021-12-31,NA,NA,NA,NA,NA,NA,NA
NCT04422561,ClinicalTrials.gov,TRUE,TRUE,FALSE,2020-07-27,2020-07-14,2020-07-27,NA,NA,NA,NA,NA,NA,NA
ACTRN12620000688987,ANZCTR,TRUE,FALSE,NA,2020-06-05,NA,2020-06-05,NA,NA,NA,PPE application check,NA,NA,NA
NCT04431180,ClinicalTrials.gov,TRUE,FALSE,NA,2020-06-30,2020-06-13,2020-06-30,NA,NA,NA,Recruitment of blood donors by SMS,NA,NA,NA
NCT04368923,ClinicalTrials.gov,TRUE,TRUE,FALSE,2020-06-23,2020-06-21,2020-06-23,NA,NA,NA,NA,NA,NA,NA
NCT04376814,ClinicalTrials.gov,TRUE,TRUE,FALSE,2020-05-25,2020-04-05,2020-05-25,NA,NA,NA,NA,NA,NA,NA
NCT04423991,ClinicalTrials.gov,TRUE,FALSE,NA,2020-06-04,2020-06-04,2020-06-04,NA,NA,NA,NA,NA,NA,NA
NCT04422353,ClinicalTrials.gov,TRUE,FALSE,NA,2024-12-30,2020-12-30,2024-12-30,NA,NA,NA,Dance classes for Parkinson patients in isolation due to Covid-19,NA,NA,NA
NCT04379531,ClinicalTrials.gov,TRUE,FALSE,NA,2020-05-22,2020-05-22,2020-05-22,NA,NA,NA,Diagnostic,NA,NA,NA
NCT04418518,ClinicalTrials.gov,TRUE,TRUE,FALSE,2021-12-01,2021-06-01,2021-12-01,NA,NA,NA,NA,NA,NA,NA
NCT04345653,ClinicalTrials.gov,TRUE,TRUE,FALSE,2021-04-08,2020-06-05,2021-04-08,NA,NA,NA,NA,NA,NA,NA
RPCEC00000314,RPCEC,TRUE,TRUE,FALSE,2020-06-30,NA,2020-06-30,NA,NA,NA,NA,NA,NA,NA
JPRN-UMIN000040479,JPRN,TRUE,FALSE,FALSE,2020-06-30,NA,2020-06-30,NA,NA,NA,NA,NA,NA,NA
IRCT20200314046774N1,IRCT,TRUE,TRUE,FALSE,2020-06-13,NA,2020-06-13,NA,NA,NA,NA,NA,NA,NA
DRKS00021447,German Clinical Trials Register,TRUE,TRUE,FALSE,NA,NA,NA,NA,NA,NA,protocol: https://doi.org/10.1186/s13063-020-04501-0,NA,NA,NA
NCT04416919,ClinicalTrials.gov,TRUE,FALSE,NA,2025-05-01,2025-05-01,2025-05-01,NA,NA,NA,"The outcomes are about mask fit and things like that, not directly COVID stuff even though it is indirectly about prevention.",NA,NA,NA
NCT04356482,ClinicalTrials.gov,TRUE,TRUE,FALSE,2020-12-01,2020-11-01,2020-12-01,NA,NA,NA,NA,NA,NA,NA
NCT04408456,ClinicalTrials.gov,TRUE,TRUE,FALSE,2020-07-31,2020-07-31,2020-07-31,NA,NA,NA,NA,NA,NA,NA
NCT04344951,ClinicalTrials.gov,TRUE,TRUE,FALSE,2021-04-30,2021-04-01,2021-04-30,reg,EUCTR2020-001345-38,EudraCT,NA,NA,NA,NA
NCT04396314,ClinicalTrials.gov,TRUE,FALSE,NA,2021-04-30,2020-12-31,2021-04-30,NA,NA,NA,Treatment for mental health,NA,NA,NA
NCT04358081,ClinicalTrials.gov,TRUE,TRUE,FALSE,2020-07-27,2020-07-27,2020-07-27,NA,NA,NA,The study was terminated but it looks like there was enrollment: https://www.novartis.com/news/media-releases/novartis-discontinues-hydroxychloroquine-clinical-trial-based-slow-enrollment-remains-comm,NA,NA,NA
NCT04350736,ClinicalTrials.gov,TRUE,FALSE,NA,2020-06-24,2020-06-24,2020-06-24,NA,NA,NA,NA,NA,NA,NA
NCT04341935,ClinicalTrials.gov,TRUE,TRUE,FALSE,2021-12-30,2021-06-30,2021-12-30,NA,NA,NA,NA,NA,NA,NA
NCT04322565,ClinicalTrials.gov,TRUE,TRUE,FALSE,2020-12-21,2020-12-20,2020-12-21,reg,EUCTR2020-001258-23,EudraCT,NA,NA,NA,NA
NCT04328961,ClinicalTrials.gov,TRUE,TRUE,FALSE,2020-10-08,2020-09-24,2020-10-08,NA,NA,NA,NA,NA,NA,NA
NCT04382560,ClinicalTrials.gov,TRUE,FALSE,NA,2020-05-31,2020-05-31,2020-05-31,NA,NA,NA,Mental health coping strategies,NA,NA,NA
NCT04365972,ClinicalTrials.gov,TRUE,FALSE,NA,2020-04-30,2020-04-30,2020-04-30,NA,NA,NA,Trial re: mental health during the pandemic,NA,NA,NA
ChiCTR2000032716,ChiCTR,FALSE,NA,NA,2020-04-30,NA,2020-04-30,NA,NA,NA,NA,NA,NA,NA
NCT04366817,ClinicalTrials.gov,FALSE,FALSE,NA,2020-06-01,2020-04-01,2020-06-01,NA,NA,NA,Mental health intervention for post partum depression,NA,NA,NA
NCT04361448,ClinicalTrials.gov,TRUE,FALSE,NA,2020-05-20,2020-05-20,2020-05-20,NA,NA,NA,NA,NA,NA,NA
NCT04359095,ClinicalTrials.gov,TRUE,TRUE,FALSE,2021-02-28,2020-11-30,2021-02-28,NA,NA,NA,NA,NA,NA,NA
NCT04357808,ClinicalTrials.gov,TRUE,TRUE,FALSE,2020-12-01,2020-12-01,2020-12-01,auto,EUCTR2020-001634-36,EudraCT,protocol: https://doi.org/10.1186/s13063-020-04588-5,NA,NA,NA
NCT04348474,ClinicalTrials.gov,TRUE,TRUE,FALSE,2020-07-31,2020-06-30,2020-07-31,NA,NA,NA,More context: https://covexit.com/new-brazilian-study-shows-telemedicine-hydroxychloroquine-treatment-reduce-need-for-hospitalization/,NA,NA,NA
NCT04345679,ClinicalTrials.gov,TRUE,TRUE,FALSE,2021-04-01,2020-06-01,2021-04-01,NA,NA,NA,NA,NA,NA,NA
NCT04333589,ClinicalTrials.gov,TRUE,TRUE,FALSE,2020-09-15,2020-06-01,2020-09-15,NA,NA,NA,protocol: https://doi.org/10.1186/s13063-020-04430-y,NA,NA,NA
NCT04326920,ClinicalTrials.gov,TRUE,TRUE,FALSE,2021-03-31,2021-01-31,2021-03-31,reg,EUCTR2020-001254-22,EudraCT,protocol: https://doi.org/10.1186/s13063-020-04451-7,NA,NA,NA
NCT04350684,ClinicalTrials.gov,TRUE,TRUE,FALSE,2020-04-24,2020-04-22,2020-04-24,NA,NA,NA,NA,NA,NA,NA
NCT04347980,ClinicalTrials.gov,TRUE,TRUE,FALSE,2020-08-01,2020-06-01,2020-08-01,NA,NA,NA,NA,NA,NA,NA
NCT04345848,ClinicalTrials.gov,TRUE,TRUE,FALSE,2021-03-31,2021-03-31,2021-03-31,NA,NA,NA,NA,NA,NA,NA
NCT04334928,ClinicalTrials.gov,TRUE,TRUE,FALSE,2020-12-31,2020-12-31,2020-12-31,NA,NA,NA,NA,NA,NA,NA
ChiCTR2000032632,ChiCTR,FALSE,NA,NA,2020-05-22,NA,2020-05-22,NA,NA,NA,NA,NA,NA,NA
NCT04365738,ClinicalTrials.gov,TRUE,FALSE,FALSE,2020-04-26,2020-04-10,2020-04-26,NA,NA,NA,covid rehab so exclude,NA,NA,NA
NCT04359316,ClinicalTrials.gov,TRUE,TRUE,FALSE,2020-05-05,2020-05-03,2020-05-05,NA,NA,NA,NA,NA,NA,NA
NCT04355429,ClinicalTrials.gov,TRUE,TRUE,FALSE,2020-08-01,2020-07-01,2020-08-01,NA,NA,NA,NA,NA,NA,NA
NCT04337008,ClinicalTrials.gov,FALSE,NA,NA,2020-07-31,2020-06-03,2020-07-31,NA,NA,NA,NA,NA,NA,NA
NCT04329572,ClinicalTrials.gov,TRUE,TRUE,FALSE,2020-06-30,2020-05-31,2020-06-30,NA,NA,NA,NA,NA,NA,NA
ACTRN12620000417987,ANZCTR,TRUE,TRUE,FALSE,2020-09-28,NA,2020-09-28,NA,NA,NA,NA,NA,NA,NA
NCT04355026,ClinicalTrials.gov,TRUE,TRUE,FALSE,2020-07-31,2020-06-30,2020-07-31,NA,NA,NA,NA,NA,NA,NA
NCT04352959,ClinicalTrials.gov,TRUE,TRUE,FALSE,2020-12-20,2020-11-20,2020-12-20,NA,NA,NA,protocol: http://doi.org/10.1186/s13063-020-04846-6,NA,NA,NA
NCT04346927,ClinicalTrials.gov,TRUE,FALSE,NA,2020-07-31,2020-06-10,2020-07-31,NA,NA,NA,NA,NA,NA,NA
NCT04345549,ClinicalTrials.gov,TRUE,FALSE,NA,2020-03-30,2020-03-30,2020-03-30,NA,NA,NA,NA,NA,NA,NA
NCT04344548,ClinicalTrials.gov,TRUE,TRUE,FALSE,2020-11-10,2020-06-10,2020-11-10,NA,NA,NA,NA,NA,NA,NA
NCT04344236,ClinicalTrials.gov,TRUE,TRUE,FALSE,2020-05-09,2020-05-01,2020-05-09,NA,NA,NA,NA,NA,NA,NA
NCT04343690,ClinicalTrials.gov,TRUE,FALSE,TRUE,2020-06-30,2020-06-30,2020-06-30,NA,NA,NA,NA,NA,NA,NA
NCT04329650,ClinicalTrials.gov,TRUE,TRUE,FALSE,2020-05-20,2020-05-20,2020-05-20,auto,EUCTR2020-001413-20,EudraCT,NA,NA,NA,NA
ACTRN12620000470998,ANZCTR,TRUE,TRUE,FALSE,2020-06-30,NA,2020-06-30,NA,NA,NA,NA,NA,NA,NA
NCT04323332,ClinicalTrials.gov,TRUE,TRUE,FALSE,2020-04-01,2020-03-01,2020-04-01,NA,NA,NA,NA,NA,NA,NA
ChiCTR2000031272,ChiCTR,TRUE,FALSE,NA,2020-03-02,NA,2020-03-02,NA,NA,NA,NA,NA,NA,NA
NCT04264858,ClinicalTrials.gov,TRUE,TRUE,FALSE,2020-05-31,2020-04-30,2020-05-31,NA,NA,NA,NA,NA,NA,NA
ChiCTR2000030946,ChiCTR,TRUE,TRUE,FALSE,2020-04-10,NA,2020-04-10,NA,NA,NA,NA,NA,NA,NA
ChiCTR2000032237,ChiCTR,TRUE,FALSE,NA,2020-06-30,NA,2020-06-30,NA,NA,NA,"It is treating a side-effect (digestion issues) from Covid, not Covid itself.",NA,NA,NA
NCT04273763,ClinicalTrials.gov,TRUE,TRUE,FALSE,2020-06-01,2020-05-10,2020-06-01,NA,NA,NA,NA,NA,NA,NA
ChiCTR2000029769,ChiCTR,TRUE,TRUE,FALSE,2020-04-30,NA,2020-04-30,NA,NA,NA,NA,NA,NA,NA
ChiCTR2000029768,ChiCTR,TRUE,TRUE,FALSE,2020-05-12,NA,2020-05-12,NA,NA,NA,NA,NA,NA,NA
NCT04336462,ClinicalTrials.gov,TRUE,TRUE,FALSE,2020-08-01,2020-02-21,2020-08-01,NA,NA,NA,NA,NA,NA,NA
ChiCTR2000029765,ChiCTR,TRUE,TRUE,FALSE,2020-05-10,NA,2020-05-10,NA,NA,NA,NA,NA,NA,NA
NCT04352465,ClinicalTrials.gov,TRUE,TRUE,FALSE,2020-11-30,2020-06-30,2020-11-30,NA,NA,NA,NA,NA,NA,NA
EUCTR2020-001934-37-ES,EU Clinical Trials Register,TRUE,TRUE,FALSE,NA,NA,NA,NA,NA,NA,NA,NA,NA,NA
NCT04263402,ClinicalTrials.gov,TRUE,TRUE,FALSE,2020-07-01,2020-06-01,2020-07-01,NA,NA,NA,NA,NA,NA,NA
ChiCTR2000029573,ChiCTR,TRUE,TRUE,FALSE,2020-06-30,NA,2020-06-30,NA,NA,NA,NA,NA,NA,NA
ChiCTR2000030939,ChiCTR,TRUE,TRUE,FALSE,2020-10-01,NA,2020-10-01,NA,NA,NA,NA,NA,NA,NA
ChiCTR2000030759,ChiCTR,TRUE,TRUE,FALSE,2020-05-17,NA,2020-05-17,NA,NA,NA,protocol: http://doi.org/10.21203/rs.3.rs-25172/v1 protocol structured summary: http://doi.org/10.1186/s13063-020-04970-3,NA,NA,NA
ChiCTR2000029550,ChiCTR,TRUE,FALSE,NA,2020-05-01,NA,2020-05-01,NA,NA,NA,"Treatment of flu during covid, not covid",NA,NA,NA
NCT04276987,ClinicalTrials.gov,TRUE,TRUE,FALSE,2020-07-31,2020-05-31,2020-07-31,NA,NA,NA,NA,NA,NA,NA
ChiCTR2000029898,ChiCTR,TRUE,TRUE,FALSE,2020-04-30,NA,2020-04-30,NA,NA,NA,NA,NA,NA,NA
ChiCTR2000030196,ChiCTR,TRUE,TRUE,FALSE,2020-05-31,NA,2020-05-31,NA,NA,NA,NA,NA,NA,NA
ChiCTR2000030218,ChiCTR,TRUE,TRUE,FALSE,2020-06-25,NA,2020-06-25,NA,NA,NA,NA,NA,NA,NA
ChiCTR2000030259,ChiCTR,TRUE,TRUE,FALSE,2020-04-30,NA,2020-04-30,NA,NA,NA,NA,NA,NA,NA
ChiCTR2000030261,ChiCTR,TRUE,TRUE,FALSE,2020-05-31,NA,2020-05-31,NA,NA,NA,Interestingly one preprint contains 6 subjects and the other 7. ResearchSquare preprint under review at Stem Cell Research & Therapy.,NA,NA,NA
NCT04273529,ClinicalTrials.gov,TRUE,TRUE,FALSE,2020-06-30,2020-05-30,2020-06-30,NA,NA,NA,NA,NA,NA,NA
NCT04261426,ClinicalTrials.gov,TRUE,TRUE,FALSE,2020-06-30,2020-04-30,2020-06-30,NA,NA,NA,"Incidental screening. Preprint at doi.org/10.2139/ssrn.3696870 indicates trial not preformed: ""Early this year, we initiated a randomized controlled trials in China, to evaluate the benefit of high-dose IVIg in severe COVID-19 patients comparing with standard care (NCT04261426). Unfortunately, the randomization was not carried out due to force majeure at that time in China. However, high-dose IVIg was used as planned in severe COVID-19 patients in participating centers.""",NA,NA,NA
ChiCTR2000029780,ChiCTR,TRUE,TRUE,FALSE,2020-06-09,NA,2020-06-09,NA,NA,NA,NA,NA,NA,NA
ChiCTR2000029851,ChiCTR,TRUE,TRUE,FALSE,2020-03-10,NA,2020-03-10,NA,NA,NA,NA,NA,NA,NA
ChiCTR2000030001,ChiCTR,TRUE,TRUE,FALSE,2020-05-28,NA,2020-05-28,NA,NA,NA,NA,NA,NA,NA
ChiCTR2000030034,ChiCTR,TRUE,TRUE,FALSE,2020-06-30,NA,2020-06-30,NA,NA,NA,NA,NA,NA,NA
ChiCTR2000030058,ChiCTR,TRUE,TRUE,FALSE,2020-05-30,NA,2020-05-30,NA,NA,NA,NA,NA,NA,NA
ChiCTR2000030166,ChiCTR,TRUE,TRUE,FALSE,2020-05-14,NA,2020-05-14,NA,NA,NA,NA,NA,NA,NA
ChiCTR2000029600,ChiCTR,TRUE,TRUE,FALSE,2020-04-29,NA,2020-04-29,NA,NA,NA,NA,NA,NA,NA
ChiCTR2000029763,ChiCTR,TRUE,TRUE,FALSE,2020-05-31,NA,2020-05-31,NA,NA,NA,NA,NA,NA,NA
NL8491,Netherlands Trial Register,TRUE,TRUE,FALSE,2020-06-30,NA,2020-06-30,reg,EUCTR2020-001236-10-NL,EudraCT,NA,NA,NA,NA
NCT04369742,ClinicalTrials.gov,TRUE,TRUE,FALSE,2021-06-01,2021-06-01,2021-06-01,NA,NA,NA,Suspended which does not mean withdrawn prior to enrolling any patients (so should still report),NA,NA,NA
NCT04356937,ClinicalTrials.gov,TRUE,TRUE,FALSE,2020-08-27,2020-07-13,2020-08-27,NA,NA,NA,NA,NA,NA,NA
NCT04333914,ClinicalTrials.gov,TRUE,TRUE,FALSE,2020-08-01,2020-06-01,2020-08-01,auto,EUCTR2020-001373-70,EudraCT,NA,NA,NA,NA
NCT04244591,ClinicalTrials.gov,TRUE,TRUE,FALSE,2020-04-13,2020-04-13,2020-04-13,NA,NA,NA,NA,NA,NA,NA
NCT04381013,ClinicalTrials.gov,TRUE,FALSE,NA,2020-06-01,2020-06-01,2020-06-01,NA,NA,NA,Ventilator splitter - so a study of 'device feasibility' rather than treatment of Covid-19,NA,NA,NA
NCT04345861,ClinicalTrials.gov,TRUE,TRUE,FALSE,2020-06-08,2020-06-08,2020-06-08,NA,NA,NA,Terminated does not mean withdrawn since had patients and should report partial results,NA,NA,NA
NCT04420806,ClinicalTrials.gov,TRUE,FALSE,NA,2020-10-01,2020-06-30,2020-10-01,NA,NA,NA,NA,NA,NA,NA
RPCEC00000315,RPCEC,TRUE,FALSE,FALSE,2020-06-30,NA,2020-06-30,NA,NA,NA,Primary outcomes are about immune response to infection diseases in general and not covid-specific,NA,NA,NA
PACTR202004693933092,PACTR,TRUE,TRUE,FALSE,2020-06-30,NA,2020-06-30,NA,NA,NA,NA,NA,NA,NA
IRCT20200523047550N1,IRCT,TRUE,TRUE,FALSE,2020-05-25,NA,2020-05-25,NA,NA,NA,NA,NA,NA,NA
IRCT20200128046294N2,IRCT,TRUE,TRUE,FALSE,2020-05-18,NA,2020-05-18,NA,NA,NA,NA,NA,NA,NA
NCT04329832,ClinicalTrials.gov,TRUE,TRUE,FALSE,2021-12-31,2020-12-18,2021-12-31,NA,NA,NA,"Trial completion date as of cutoff (2020-06-30) was after cutoff, but found full result journal article on registry so searched for preprint during reconciliation and none found",NA,NA,NA
ChiCTR2000033286,ChiCTR,TRUE,TRUE,FALSE,2020-03-09,NA,2020-03-09,NA,NA,NA,NA,NA,NA,NA
NCT04393051,ClinicalTrials.gov,TRUE,TRUE,FALSE,2020-07-30,2020-06-30,2020-07-30,NA,NA,NA,NA,NA,NA,NA
NCT04392427,ClinicalTrials.gov,TRUE,TRUE,FALSE,2022-05-01,2022-05-01,2022-05-01,NA,NA,NA,NA,NA,NA,NA
NCT04392323,ClinicalTrials.gov,FALSE,NA,NA,2020-07-31,2020-07-01,2020-07-31,NA,NA,NA,Observational study of covid incidence rate,NA,NA,NA
NCT04273321,ClinicalTrials.gov,TRUE,TRUE,FALSE,2020-04-15,2020-04-15,2020-04-15,NA,NA,NA,NA,NA,NA,NA
RBR-2dxyx4,REBEC,TRUE,TRUE,FALSE,2020-06-11,NA,2020-06-11,NA,NA,NA,NA,NA,NA,NA
JPRN-UMIN000040286,JPRN,TRUE,FALSE,NA,2020-05-14,NA,2020-05-14,NA,NA,NA,NA,NA,NA,NA
NCT04379154,ClinicalTrials.gov,FALSE,NA,NA,2020-11-16,2020-06-28,2020-11-16,NA,NA,NA,"no conditions for patients. looks at compounds in air around patients using """"electronic nose""""",NA,NA,NA
NCT04376788,ClinicalTrials.gov,TRUE,TRUE,FALSE,2020-09-01,2020-07-01,2020-09-01,NA,NA,NA,NA,NA,NA,NA
NCT04376515,ClinicalTrials.gov,TRUE,FALSE,NA,2020-09-01,2020-06-01,2020-09-01,NA,NA,NA,behavioral health in COVID,NA,NA,NA
NCT04341441,ClinicalTrials.gov,TRUE,TRUE,FALSE,2020-12-15,2020-12-15,2020-12-15,NA,NA,NA,Terminated does not mean withdrawn prior to patient enrollment,NA,NA,NA
NCT04280705,ClinicalTrials.gov,TRUE,TRUE,FALSE,2020-05-21,2020-05-21,2020-05-21,auto,EUCTR2020-001052-18,EudraCT,Same doi (10.1056/NEJMoa2007764) for both interim and full result. Recorded as both publication types.,auto,JPRN-jRCT2031190264,jRCT
NCT04375202,ClinicalTrials.gov,TRUE,TRUE,FALSE,2021-10-31,2021-06-30,2021-10-31,auto,EUCTR2020-001475-33,EudraCT,NA,NA,NA,NA
NCT04372030,ClinicalTrials.gov,FALSE,NA,NA,2021-10-31,2020-06-30,2021-10-31,NA,NA,NA,Excluded as survey on health care use during COVID,NA,NA,NA
NCT04371367,ClinicalTrials.gov,TRUE,TRUE,FALSE,2021-03-01,2021-03-01,2021-03-01,NA,NA,NA,NA,NA,NA,NA
NCT04366297,ClinicalTrials.gov,TRUE,FALSE,NA,2020-02-25,2020-02-25,2020-02-25,NA,NA,NA,Excluded since learning how to use a device for covid,NA,NA,NA
NL8483,Netherlands Trial Register,TRUE,FALSE,NA,2020-03-29,NA,2020-03-29,NA,NA,NA,Social media intervention,NA,NA,NA
NCT04322396,ClinicalTrials.gov,TRUE,TRUE,FALSE,2021-03-31,2020-10-31,2021-03-31,NA,NA,NA,NA,NA,NA,NA
NCT04382092,ClinicalTrials.gov,TRUE,FALSE,NA,2020-04-24,2020-04-24,2020-04-24,NA,NA,NA,Treatment of co-infections of Covid-19,NA,NA,NA
NCT04442178,ClinicalTrials.gov,TRUE,TRUE,FALSE,2021-03-31,2020-12-30,2021-03-31,NA,NA,NA,NA,NA,NA,NA
NCT04356534,ClinicalTrials.gov,TRUE,TRUE,FALSE,2020-07-09,2020-06-15,2020-07-09,NA,NA,NA,NA,NA,NA,NA
NCT04383587,ClinicalTrials.gov,TRUE,FALSE,NA,2020-06-12,2020-05-29,2020-06-12,NA,NA,NA,seroprevalence study in healthcare workers,NA,NA,NA
NCT04346446,ClinicalTrials.gov,TRUE,TRUE,FALSE,2020-05-30,2020-05-30,2020-05-30,NA,NA,NA,NA,NA,NA,NA
NCT04384380,ClinicalTrials.gov,TRUE,TRUE,FALSE,2020-05-31,2020-05-31,2020-05-31,NA,NA,NA,NA,NA,NA,NA
NCT04380961,ClinicalTrials.gov,TRUE,TRUE,FALSE,2021-09-28,2021-09-28,2021-09-28,reg,2020-003056-32,EudraCT,NA,NA,NA,NA
NCT04365517,ClinicalTrials.gov,TRUE,TRUE,FALSE,2021-12-30,2021-03-30,2021-12-30,NA,NA,NA,NA,NA,NA,NA
NCT04393636,ClinicalTrials.gov,TRUE,FALSE,NA,2022-12-31,2022-12-31,2022-12-31,NA,NA,NA,delayed surgery for cardiac patients not covid,NA,NA,NA
NCT04378712,ClinicalTrials.gov,TRUE,TRUE,FALSE,2020-03-23,2020-03-23,2020-03-23,NA,NA,NA,"tricky one, it is about an improved gas mix of oxygen/hydrogen to treat COVID ....",NA,NA,NA
NCT04390178,ClinicalTrials.gov,TRUE,TRUE,FALSE,2020-12-01,2020-06-01,2020-12-01,NA,NA,NA,NA,NA,NA,NA
NCT04372017,ClinicalTrials.gov,TRUE,TRUE,FALSE,2021-06-04,2020-06-04,2021-06-04,NA,NA,NA,"Weird trial, says actual recruitment 1 and not recruiting at the moment....probably never happened/will never happen",NA,NA,NA
NCT04367831,ClinicalTrials.gov,TRUE,FALSE,NA,2021-04-01,2020-11-01,2021-04-01,NA,NA,NA,Primary outcome: Total Number of Patients with Clinically Relevant Venous or Arterial Thrombotic Events in ICU [ Time Frame: Discharge from ICU or 30 days ]; treats complication of COVID-19 (thrombosis),NA,NA,NA
NCT04346420,ClinicalTrials.gov,TRUE,FALSE,NA,2020-05-01,2020-05-01,2020-05-01,NA,NA,NA,Oxygenation technique rather than treatment,NA,NA,NA
NCT04306393,ClinicalTrials.gov,TRUE,TRUE,FALSE,2022-03-21,2021-03-21,2022-03-21,auto,EUCTR2020-001490-68,EudraCT,protocol preprint: http://doi.org/10.1101/2020.03.09.20033530,NA,NA,NA
NCT04335279,ClinicalTrials.gov,TRUE,FALSE,NA,2020-07-24,2020-06-03,2020-07-24,NA,NA,NA,Mental health during pandemic,NA,NA,NA
NCT04359264,ClinicalTrials.gov,TRUE,FALSE,NA,2020-06-30,2020-05-29,2020-06-30,NA,NA,NA,This is a clinical trial of a cash transfer on symptoms consistent with COVID-19 and adherence to physical distancing guidance.; treating COVID with $,NA,NA,NA
NCT04364594,ClinicalTrials.gov,TRUE,FALSE,NA,2020-05-30,2020-05-24,2020-05-30,NA,NA,NA,Diagnostic tool,NA,NA,NA
NCT04402918,ClinicalTrials.gov,TRUE,FALSE,NA,2020-12-31,2020-05-19,2020-12-31,NA,NA,NA,Diagnostic Test: biological samples day of delivery,NA,NA,NA
NCT04416308,ClinicalTrials.gov,TRUE,FALSE,NA,2020-11-10,2020-06-15,2020-11-10,NA,NA,NA,seroprevalence study,NA,NA,NA
NCT04411446,ClinicalTrials.gov,TRUE,TRUE,FALSE,2020-12-28,2020-12-15,2020-12-28,NA,NA,NA,NA,NA,NA,NA
NCT04292899,ClinicalTrials.gov,TRUE,TRUE,FALSE,2020-06-30,2020-04-09,2020-06-30,auto,EUCTR2020-000841-15,EudraCT,NA,reg,ISRCTN15874265,ISRCTN
NCT04385901,ClinicalTrials.gov,TRUE,FALSE,NA,2022-04-19,2022-04-19,2022-04-19,NA,NA,NA,covid rehabilitation,NA,NA,NA
NCT04345276,ClinicalTrials.gov,TRUE,TRUE,FALSE,2020-04-15,2020-04-15,2020-04-15,NA,NA,NA,NA,NA,NA,NA
NCT04348513,ClinicalTrials.gov,TRUE,TRUE,FALSE,2021-05-31,2021-05-02,2021-05-31,NA,NA,NA,protocol: http://doi.org/10.1186/s13063-020-04474-0,NA,NA,NA
NCT04343092,ClinicalTrials.gov,TRUE,TRUE,FALSE,2020-06-01,2020-05-31,2020-06-01,NA,NA,NA,NA,NA,NA,NA
NCT04410458,ClinicalTrials.gov,TRUE,FALSE,NA,2020-06-12,2020-05-31,2020-06-12,NA,NA,NA,recruitment of blood donors,NA,NA,NA
NCT04410549,ClinicalTrials.gov,TRUE,FALSE,NA,2020-06-30,2020-06-30,2020-06-30,NA,NA,NA,diagnostic of covid complication (thrombosis) so exclude,NA,NA,NA
ChiCTR2000029656,ChiCTR,TRUE,TRUE,FALSE,2020-04-14,NA,2020-04-14,NA,NA,NA,NA,NA,NA,NA
ChiCTR2000029603,ChiCTR,TRUE,TRUE,FALSE,2020-05-31,NA,2020-05-31,NA,NA,NA,NA,NA,NA,NA
ChiCTR2000029544,ChiCTR,TRUE,TRUE,FALSE,2020-05-31,NA,2020-05-31,NA,NA,NA,NA,NA,NA,NA
ChiCTR2000029517,ChiCTR,TRUE,TRUE,FALSE,2020-04-30,NA,2020-04-30,NA,NA,NA,NA,NA,NA,NA
ChiCTR2000029432,ChiCTR,TRUE,TRUE,FALSE,2020-04-30,NA,2020-04-30,NA,NA,NA,NA,NA,NA,NA
NCT04268537,ClinicalTrials.gov,TRUE,TRUE,FALSE,2020-10-31,2020-04-30,2020-10-31,NA,NA,NA,NA,NA,NA,NA
ChiCTR2000030173,ChiCTR,TRUE,TRUE,FALSE,2020-04-17,NA,2020-04-17,NA,NA,NA,NA,NA,NA,NA
ChiCTR2000030138,ChiCTR,TRUE,TRUE,FALSE,2020-05-31,NA,2020-05-31,NA,NA,NA,NA,NA,NA,NA
ChiCTR2000030029,ChiCTR,TRUE,TRUE,FALSE,2020-05-30,NA,2020-05-30,NA,NA,NA,NA,NA,NA,NA
ChiCTR2000029996,ChiCTR,TRUE,TRUE,FALSE,2020-04-20,NA,2020-04-20,NA,NA,NA,NA,NA,NA,NA
ChiCTR2000029990,ChiCTR,TRUE,TRUE,FALSE,2020-03-31,NA,2020-03-31,NA,NA,NA,NA,NA,NA,NA
ChiCTR2000029972,ChiCTR,TRUE,TRUE,FALSE,2020-05-17,NA,2020-05-17,NA,NA,NA,protocol: http://doi.org/10.1186/s13063-020-04534-5,NA,NA,NA
NCT04273581,ClinicalTrials.gov,TRUE,TRUE,FALSE,2020-05-30,2020-04-30,2020-05-30,NA,NA,NA,NA,NA,NA,NA
ChiCTR2000030314,ChiCTR,TRUE,TRUE,FALSE,2020-04-28,NA,2020-04-28,NA,NA,NA,NA,NA,NA,NA
ChiCTR2000030091,ChiCTR,TRUE,FALSE,NA,2020-03-22,NA,2020-03-22,NA,NA,NA,NA,NA,NA,NA
ChiCTR2000029899,ChiCTR,TRUE,TRUE,FALSE,2020-04-30,NA,2020-04-30,NA,NA,NA,NA,NA,NA,NA
ChiCTR2000030535,ChiCTR,TRUE,TRUE,FALSE,2020-03-30,NA,2020-03-30,NA,NA,NA,NA,NA,NA,NA
ChiCTR2000030490,ChiCTR,TRUE,TRUE,FALSE,2020-03-31,NA,2020-03-31,NA,NA,NA,NA,NA,NA,NA
ChiCTR2000030487,ChiCTR,TRUE,TRUE,FALSE,2020-05-04,NA,2020-05-04,NA,NA,NA,NA,NA,NA,NA
ChiCTR2000030855,ChiCTR,TRUE,TRUE,FALSE,2020-05-01,NA,2020-05-01,NA,NA,NA,NA,NA,NA,NA
ChiCTR2000030841,ChiCTR,TRUE,TRUE,FALSE,2020-05-31,NA,2020-05-31,NA,NA,NA,NA,NA,NA,NA
ChiCTR2000030836,ChiCTR,TRUE,TRUE,FALSE,2020-06-30,NA,2020-06-30,NA,NA,NA,Incidental screening. Protocol notes follow-up ongoing. http://doi.org/10.1097%2FMD.0000000000023874,NA,NA,NA
ChiCTR2000030810,ChiCTR,TRUE,TRUE,FALSE,2020-03-30,NA,2020-03-30,NA,NA,NA,NA,NA,NA,NA
ChiCTR2000030254,ChiCTR,TRUE,TRUE,FALSE,2020-03-20,NA,2020-03-20,NA,NA,NA,NA,NA,NA,NA
NCT04304313,ClinicalTrials.gov,TRUE,TRUE,FALSE,2020-11-09,2020-03-01,2020-11-09,NA,NA,NA,NA,NA,NA,NA
ChiCTR2000031204,ChiCTR,TRUE,TRUE,FALSE,2020-04-30,NA,2020-04-30,NA,NA,NA,NA,NA,NA,NA
NCT04275414,ClinicalTrials.gov,TRUE,TRUE,FALSE,2020-05-02,2020-04-05,2020-05-02,NA,NA,NA,NA,NA,NA,NA
NCT04330586,ClinicalTrials.gov,TRUE,TRUE,FALSE,2021-04-16,2021-04-16,2021-04-16,reg,KCT0005105,CRiS,Registry completion date from Korean Registry (2021-04-16),NA,NA,NA
NCT04257656,ClinicalTrials.gov,TRUE,TRUE,FALSE,2020-04-10,2020-03-30,2020-04-10,NA,NA,NA,NA,NA,NA,NA
NCT04333472,ClinicalTrials.gov,TRUE,TRUE,FALSE,2021-07-06,2021-03-06,2021-07-06,NA,NA,NA,NA,NA,NA,NA
NCT04324190,ClinicalTrials.gov,TRUE,FALSE,NA,2021-12-01,2020-06-01,2021-12-01,NA,NA,NA,mental health,NA,NA,NA
NCT04346953,ClinicalTrials.gov,TRUE,FALSE,NA,2020-07-31,2020-06-01,2020-07-31,NA,NA,NA,Exercise for isolation during covid,NA,NA,NA
NCT04351542,ClinicalTrials.gov,TRUE,FALSE,NA,2020-04-12,2020-04-06,2020-04-12,NA,NA,NA,flu during covid,NA,NA,NA
ChiCTR2000032400,ChiCTR,TRUE,TRUE,FALSE,2020-06-01,NA,2020-06-01,NA,NA,NA,NA,NA,NA,NA
NCT04330638,ClinicalTrials.gov,TRUE,TRUE,FALSE,2021-03-01,2021-01-01,2021-03-01,NA,NA,NA,protocol: https://doi.org/10.1186/s13063-020-04453-5,NA,NA,NA
NCT04357327,ClinicalTrials.gov,TRUE,FALSE,NA,2020-07-31,2020-05-31,2020-07-31,NA,NA,NA,NA,NA,NA,NA
NCT04361435,ClinicalTrials.gov,TRUE,TRUE,FALSE,2020-12-31,2020-07-31,2020-12-31,NA,NA,NA,protocol: https://doi.org/10.1186/s13063-020-04533-6,NA,NA,NA
ISRCTN13311119,ISRCTN,TRUE,TRUE,FALSE,2020-06-26,NA,2020-06-26,NA,NA,NA,NA,NA,NA,NA
NCT04328480,ClinicalTrials.gov,TRUE,TRUE,FALSE,2021-03-30,2021-03-30,2021-03-30,NA,NA,NA,NA,NA,NA,NA
NCT04344457,ClinicalTrials.gov,TRUE,TRUE,FALSE,2020-09-30,2020-06-20,2020-09-30,NA,NA,NA,NA,NA,NA,NA
NCT04351191,ClinicalTrials.gov,TRUE,TRUE,FALSE,2020-06-30,2020-05-30,2020-06-30,NA,NA,NA,NA,NA,NA,NA
NCT04361942,ClinicalTrials.gov,TRUE,TRUE,FALSE,2020-12-31,2020-11-30,2020-12-31,auto,EUCTR2020-001682-36,EudraCT,NA,NA,NA,NA
NCT04366089,ClinicalTrials.gov,TRUE,TRUE,FALSE,2020-12-31,2020-10-30,2020-12-31,NA,NA,NA,NA,NA,NA,NA
NCT04366180,ClinicalTrials.gov,TRUE,TRUE,FALSE,2020-10-01,2020-06-01,2020-10-01,NA,NA,NA,NA,NA,NA,NA
NCT04368156,ClinicalTrials.gov,TRUE,TRUE,FALSE,2020-07-31,2020-07-31,2020-07-31,NA,NA,NA,protocol: https://doi.org/10.1186/s13063-020-04486-w,NA,NA,NA
NCT04341870,ClinicalTrials.gov,TRUE,TRUE,FALSE,2020-08-01,2020-05-08,2020-08-01,NA,NA,NA,NA,NA,NA,NA
NCT04370015,ClinicalTrials.gov,TRUE,TRUE,FALSE,2020-10-15,2020-06-30,2020-10-15,NA,NA,NA,NA,NA,NA,NA
NCT04377646,ClinicalTrials.gov,TRUE,TRUE,FALSE,2020-07-31,2020-05-24,2020-07-31,NA,NA,NA,NA,NA,NA,NA
NCT04377997,ClinicalTrials.gov,TRUE,TRUE,FALSE,2022-01-01,2021-01-01,2022-01-01,NA,NA,NA,NA,NA,NA,NA
IRCT20180129038542N1,IRCT,TRUE,TRUE,FALSE,2020-04-13,NA,2020-04-13,NA,NA,NA,NA,NA,NA,NA
ChiCTR2000030041,ChiCTR,TRUE,TRUE,FALSE,2020-06-30,NA,2020-06-30,NA,NA,NA,NA,NA,NA,NA
ChiCTR2000030046,ChiCTR,TRUE,TRUE,FALSE,2020-04-07,NA,2020-04-07,NA,NA,NA,investigators updated trial completion date to account for earlier end and results publication,NA,NA,NA
NCT04319900,ClinicalTrials.gov,TRUE,TRUE,FALSE,2020-06-25,2020-04-30,2020-06-25,auto,ChiCTR2000030987,ChiCTR,NA,NA,NA,NA
ChiCTR2000030102,ChiCTR,TRUE,TRUE,FALSE,2020-05-31,NA,2020-05-31,NA,NA,NA,NA,NA,NA,NA
ChiCTR2000030113,ChiCTR,TRUE,TRUE,FALSE,2020-05-31,NA,2020-05-31,NA,NA,NA,NA,NA,NA,NA
NCT04291729,ClinicalTrials.gov,TRUE,TRUE,FALSE,2020-03-19,2020-03-19,2020-03-19,NA,NA,NA,NA,NA,NA,NA
ChiCTR2000029418,ChiCTR,TRUE,TRUE,FALSE,2020-08-31,NA,2020-08-31,NA,NA,NA,NA,NA,NA,NA
ChiCTR2000030039,ChiCTR,TRUE,TRUE,FALSE,2020-02-01,NA,2020-02-01,NA,NA,NA,NA,NA,NA,NA
ChiCTR2000030007,ChiCTR,TRUE,TRUE,FALSE,2020-04-10,NA,2020-04-10,NA,NA,NA,NA,NA,NA,NA
NCT04326452,ClinicalTrials.gov,TRUE,FALSE,NA,2021-03-27,2021-03-27,2021-03-27,NA,NA,NA,ventilation device,NA,NA,NA
ChiCTR2000029992,ChiCTR,TRUE,TRUE,FALSE,2020-05-20,NA,2020-05-20,NA,NA,NA,NA,NA,NA,NA
ChiCTR2000030923,ChiCTR,TRUE,TRUE,FALSE,2020-04-16,NA,2020-04-16,NA,NA,NA,traditional chinese medicine. unclear registration but included.,NA,NA,NA
ChiCTR2000029954,ChiCTR,TRUE,TRUE,FALSE,2020-02-10,NA,2020-02-10,NA,NA,NA,NA,NA,NA,NA
ChiCTR2000029781,ChiCTR,TRUE,TRUE,FALSE,2020-06-30,NA,2020-06-30,NA,NA,NA,NA,NA,NA,NA
ChiCTR2000030936,ChiCTR,TRUE,TRUE,FALSE,2020-05-10,NA,2020-05-10,NA,NA,NA,NA,NA,NA,NA
ChiCTR2000030324,ChiCTR,TRUE,FALSE,NA,2020-05-28,NA,2020-05-28,NA,NA,NA,massage for children with covid-19,NA,NA,NA
ChiCTR2000030988,ChiCTR,TRUE,TRUE,FALSE,2020-05-31,NA,2020-05-31,NA,NA,NA,NA,NA,NA,NA
EUCTR2020-000890-25-FR,EU Clinical Trials Register,TRUE,TRUE,FALSE,NA,NA,NA,NA,NA,NA,NA,NA,NA,NA
ChiCTR2000030013,ChiCTR,TRUE,TRUE,FALSE,2020-06-30,NA,2020-06-30,NA,NA,NA,NA,NA,NA,NA
ChiCTR2000029755,ChiCTR,TRUE,TRUE,FALSE,2020-05-30,NA,2020-05-30,NA,NA,NA,NA,NA,NA,NA
NCT04252885,ClinicalTrials.gov,TRUE,TRUE,FALSE,2020-05-31,2020-04-30,2020-05-31,NA,NA,NA,NA,NA,NA,NA
ChiCTR2000030187,ChiCTR,TRUE,TRUE,FALSE,2020-03-25,NA,2020-03-25,NA,NA,NA,NA,NA,NA,NA
NCT04282902,ClinicalTrials.gov,TRUE,TRUE,FALSE,2020-06-01,2020-04-30,2020-06-01,reg,ChiCTR2000030333,ChiCTR,NA,NA,NA,NA
ChiCTR2000030580,ChiCTR,FALSE,NA,NA,2020-04-30,NA,2020-04-30,NA,NA,NA,Result found but retrospective: https://doi.org/10.21203/rs.3.rs-35520/v1,NA,NA,NA
ChiCTR2000030540,ChiCTR,TRUE,TRUE,FALSE,2020-06-08,NA,2020-06-08,NA,NA,NA,NA,NA,NA,NA
ChiCTR2000030761,ChiCTR,TRUE,TRUE,FALSE,2020-04-01,NA,2020-04-01,NA,NA,NA,"This is tough, their hypothesis is that renal replacement therapy helps clear out cytokine response and therefore treat COVID. I'd include.",NA,NA,NA
ChiCTR2000030518,ChiCTR,TRUE,TRUE,FALSE,2020-05-31,NA,2020-05-31,NA,NA,NA,NA,NA,NA,NA
ChiCTR2000030472,ChiCTR,TRUE,TRUE,FALSE,2020-06-30,NA,2020-06-30,NA,NA,NA,NA,NA,NA,NA
ChiCTR2000029549,ChiCTR,FALSE,NA,NA,2020-05-01,NA,2020-05-01,NA,NA,NA,Observation of the efficacy of integrated traditional Chinese and western medicine and western medicine alone in the treatment of 2019-nCoV Pneumonia infection in the epidemic situation of 2019-nCoV Pneumonia.; Sounds like observational only,NA,NA,NA
ChiCTR2000029757,ChiCTR,TRUE,TRUE,FALSE,2021-02-05,NA,2021-02-05,NA,NA,NA,NA,NA,NA,NA
NCT04310228,ClinicalTrials.gov,TRUE,TRUE,FALSE,2020-05-01,2020-05-01,2020-05-01,auto,ChiCTR2000030894,ChiCTR,NA,NA,NA,NA
NCT04339660,ClinicalTrials.gov,TRUE,TRUE,FALSE,2020-06-30,2020-06-30,2020-06-30,NA,NA,NA,single case-report from this study: https://europepmc.org/article/MED/33061476,NA,NA,NA
NCT04341038,ClinicalTrials.gov,TRUE,TRUE,FALSE,2020-07-01,2020-06-01,2020-07-01,auto,EUCTR2020-001445-39,EudraCT,protocol: https://doi.org/10.1101/2021.01.09.21249263,NA,NA,NA
ChiCTR2000032011,ChiCTR,TRUE,TRUE,FALSE,2020-05-17,NA,2020-05-17,NA,NA,NA,NA,NA,NA,NA
IRCT20100228003449N28,IRCT,TRUE,TRUE,FALSE,NA,NA,NA,NA,NA,NA,NA,NA,NA,NA
NCT04276688,ClinicalTrials.gov,TRUE,TRUE,FALSE,2020-03-31,2020-03-30,2020-03-31,NA,NA,NA,NA,NA,NA,NA
NCT04320953,ClinicalTrials.gov,TRUE,FALSE,NA,2020-04-09,2020-03-26,2020-04-09,NA,NA,NA,This is about doing endoscopy's differently during covid,NA,NA,NA
NCT04350671,ClinicalTrials.gov,TRUE,TRUE,FALSE,2020-04-24,2020-04-20,2020-04-24,NA,NA,NA,NA,NA,NA,NA
NCT04351620,ClinicalTrials.gov,TRUE,TRUE,FALSE,2020-06-01,2020-06-01,2020-06-01,NA,NA,NA,Incidental screening. This trial was terminated per the conference abstract.,NA,NA,NA
NCT04341493,ClinicalTrials.gov,TRUE,TRUE,FALSE,2020-12-30,2020-08-30,2020-12-30,NA,NA,NA,protocol: https://doi.org/10.1186/s13063-020-04448-2,NA,NA,NA
NCT04357782,ClinicalTrials.gov,TRUE,TRUE,FALSE,2020-10-13,2020-10-13,2020-10-13,NA,NA,NA,NA,NA,NA,NA
NCT04359251,ClinicalTrials.gov,TRUE,TRUE,FALSE,2020-03-25,2020-03-25,2020-03-25,NA,NA,NA,NA,NA,NA,NA
NCT04359615,ClinicalTrials.gov,TRUE,TRUE,FALSE,2020-05-05,2020-05-03,2020-05-05,NA,NA,NA,NA,NA,NA,NA
NCT04359875,ClinicalTrials.gov,TRUE,FALSE,NA,2020-12-01,2020-06-01,2020-12-01,NA,NA,NA,NA,NA,NA,NA
NCT04360980,ClinicalTrials.gov,TRUE,TRUE,FALSE,2021-11-30,2021-09-01,2021-11-30,NA,NA,NA,protocol: https://doi.org/10.1186/s13063-020-04455-3,NA,NA,NA
NCT04363541,ClinicalTrials.gov,TRUE,TRUE,FALSE,2022-06-01,2022-04-01,2022-06-01,NA,NA,NA,NA,NA,NA,NA
NCT04328441,ClinicalTrials.gov,TRUE,TRUE,FALSE,2021-04-30,2021-03-31,2021-04-30,NA,NA,NA,"protocol: https://doi.org/10.1186/s13063-020-04389-w; This is marginal, as the primary outcome is not specific to Covid but some of the secondary outcomes are.",NA,NA,NA
NCT04365608,ClinicalTrials.gov,TRUE,FALSE,NA,2020-05-20,2020-05-20,2020-05-20,NA,NA,NA,This is about more safely intubating COVID patients but not about specifically treating/preventing covid.,NA,NA,NA
NCT04368377,ClinicalTrials.gov,TRUE,TRUE,FALSE,2020-04-23,2020-04-23,2020-04-23,NA,NA,NA,NA,NA,NA,NA
NCT04333550,ClinicalTrials.gov,TRUE,TRUE,FALSE,2021-03-01,2020-09-01,2021-03-01,NA,NA,NA,NA,NA,NA,NA
NCT04358926,ClinicalTrials.gov,TRUE,TRUE,FALSE,2020-11-01,2020-10-15,2020-11-01,NA,NA,NA,NA,NA,NA,NA
NCT04372693,ClinicalTrials.gov,TRUE,FALSE,NA,2020-06-30,2020-05-30,2020-06-30,NA,NA,NA,NA,NA,NA,NA
NCT04377750,ClinicalTrials.gov,TRUE,TRUE,FALSE,2021-05-08,2020-04-29,2021-05-08,NA,NA,NA,NA,NA,NA,NA
NCT04379453,ClinicalTrials.gov,TRUE,FALSE,NA,2020-04-27,2020-04-27,2020-04-27,NA,NA,NA,Reduction of contamination for covid but not direct tx or prevention.,NA,NA,NA
NCT04381000,ClinicalTrials.gov,TRUE,FALSE,NA,2020-06-10,2020-05-29,2020-06-10,NA,NA,NA,NA,NA,NA,NA
ACTRN12620000579998,ANZCTR,FALSE,NA,NA,2020-06-01,NA,2020-06-01,NA,NA,NA,"simulation, no humans",NA,NA,NA
NCT04442958,ClinicalTrials.gov,TRUE,TRUE,FALSE,2020-06-17,2020-06-15,2020-06-17,NA,NA,NA,NA,NA,NA,NA
NCT04438837,ClinicalTrials.gov,TRUE,TRUE,FALSE,2022-06-01,2022-06-01,2022-06-01,NA,NA,NA,NA,NA,NA,NA
NCT04343729,ClinicalTrials.gov,TRUE,TRUE,FALSE,2020-09-01,2020-06-16,2020-09-01,NA,NA,NA,NA,NA,NA,NA
ACTRN12620000500954,ANZCTR,TRUE,FALSE,NA,2020-06-01,NA,2020-06-01,NA,NA,NA,"ventilation hood for covid and other respiratory diseases, but outcomes about the device not covid treatment or prevention",NA,NA,NA
NCT04425499,ClinicalTrials.gov,TRUE,FALSE,NA,2020-06-01,2020-06-01,2020-06-01,NA,NA,NA,learning suturing during covid,NA,NA,NA
NCT04361474,ClinicalTrials.gov,TRUE,FALSE,NA,2021-05-25,2020-05-18,2021-05-25,auto,EUCTR2020-001667-85,EudraCT,hyposmia (loss of smell) following covid but not covid itself,NA,NA,NA
NCT04347174,ClinicalTrials.gov,TRUE,TRUE,FALSE,2020-08-21,2020-08-10,2020-08-21,reg,CTRI/2020/04/024846,CTRI,NA,NA,NA,NA
NCT04367662,ClinicalTrials.gov,FALSE,NA,NA,2020-05-14,2020-05-14,2020-05-14,NA,NA,NA,"observational, blood samples",NA,NA,NA
NCT04335851,ClinicalTrials.gov,TRUE,FALSE,NA,2020-06-03,2020-05-15,2020-06-03,NA,NA,NA,well-being in covid,NA,NA,NA
RBR-4vm3yy,REBEC,TRUE,TRUE,FALSE,2020-05-31,NA,2020-05-31,NA,NA,NA,https://www.cochranelibrary.com/cdsr/doi/10.1002/14651858.CD013600.pub3/references says it includes results from this study but not finding link,NA,NA,NA
JPRN-UMIN000040341,JPRN,TRUE,TRUE,FALSE,2020-05-16,NA,2020-05-16,NA,NA,NA,NA,NA,NA,NA
DRKS00021420,German Clinical Trials Register,FALSE,NA,NA,NA,NA,NA,NA,NA,NA,"Observational, evaluate robot to do covid swabs on hospital staff",NA,NA,NA
NCT04355936,ClinicalTrials.gov,TRUE,TRUE,FALSE,2020-11-30,2020-11-02,2020-11-30,NA,NA,NA,NA,NA,NA,NA
NCT04357340,ClinicalTrials.gov,TRUE,TRUE,FALSE,2020-05-30,2020-04-30,2020-05-30,NA,NA,NA,NA,NA,NA,NA
ISRCTN11384058,ISRCTN,FALSE,NA,NA,2020-06-15,NA,2020-06-15,NA,NA,NA,hospital resources during COVID,NA,NA,NA
ChiCTR2000033491,ChiCTR,FALSE,NA,NA,2020-05-12,NA,2020-05-12,NA,NA,NA,Observational with results reported in a letter,NA,NA,NA
NCT04407507,ClinicalTrials.gov,TRUE,TRUE,FALSE,2020-10-01,2020-08-01,2020-10-01,NA,NA,NA,NA,NA,NA,NA
NCT04384497,ClinicalTrials.gov,TRUE,TRUE,FALSE,2020-12-01,2020-06-01,2020-12-01,NA,NA,NA,NA,NA,NA,NA
NCT04321421,ClinicalTrials.gov,TRUE,TRUE,FALSE,2020-05-07,2020-04-28,2020-05-07,NA,NA,NA,NA,NA,NA,NA
ChiCTR2000033323,ChiCTR,FALSE,NA,NA,2020-05-19,NA,2020-05-19,NA,NA,NA,NA,NA,NA,NA
NCT04399746,ClinicalTrials.gov,TRUE,TRUE,FALSE,2020-06-10,2020-05-20,2020-06-10,NA,NA,NA,NA,NA,NA,NA
NCT04360837,ClinicalTrials.gov,TRUE,TRUE,FALSE,2021-06-01,2021-06-01,2021-06-01,NA,NA,NA,NA,NA,NA,NA
NCT04355533,ClinicalTrials.gov,FALSE,NA,NA,2021-09-01,2020-06-01,2021-09-01,NA,NA,NA,observational,NA,NA,NA
EUCTR2020-001243-15-BE,EU Clinical Trials Register,TRUE,TRUE,FALSE,2020-06-10,NA,2020-06-10,NA,NA,NA,NA,NA,NA,NA
EUCTR2020-001270-29-GB,EU Clinical Trials Register,TRUE,TRUE,FALSE,2020-06-25,NA,2020-06-25,NA,NA,NA,prematurely ended,NA,NA,NA
EUCTR2020-001536-98-ES,EU Clinical Trials Register,TRUE,TRUE,FALSE,2020-04-27,NA,2020-04-27,NA,NA,NA,prematurely ended,NA,NA,NA
